{"cameraMode":{"drawMode":0,"name":"Shaded","section":"Shading Mode"},"sceneLighting":true,"audioPlay":false,"sceneViewState":{"m_AlwaysRefresh":false,"showFog":true,"showSkybox":true,"showFlares":true,"showImageEffects":true,"showParticleSystems":true,"showVisualEffectGraphs":true,"m_FxEnabled":true},"in2DMode":false,"pivot":{"x":6.527103424072266,"y":-12.219648361206055,"z":-13.828775405883789},"rotation":{"x":0.06383554637432099,"y":0.9303593635559082,"z":-0.3034726083278656,"w":0.19567185640335084},"size":14.860950469970704,"orthographic":false}